measure_start,beat_start,measure_end,beat_end,motive,instruments
1,0.0,9,0.0,M1,
3,0.0,3,1.0,M2,
3,1.0,3,2.0,M2,
3,2.0,3,3.0,M2,
3,3.0,4,0.0,M2,
4,0.0,4,0.0,M3,
4,0.0,4,1.0,M3,
4,0.0,4,1.0,M2,
4,1.0,4,1.0,M3,
4,1.0,4,2.0,M3,
4,1.0,4,2.0,M2,
4,2.0,4,2.0,M3,
4,2.0,4,3.0,M3,
4,2.0,4,3.0,M2,
4,3.0,4,3.0,M3,
4,3.0,5,0.0,M3,
4,3.0,5,0.0,M2,
5,0.0,5,0.0,M3,
5,0.0,5,0.0,M4,
5,0.0,5,0.0,M4,
5,0.0,5,0.0,M3,
5,0.0,5,0.0,M4,
5,0.0,5,1.0,M4,
5,0.0,5,1.0,M2,
5,1.0,5,1.0,M3,
5,1.0,5,1.0,M4,
5,1.0,5,1.0,M4,
5,1.0,5,1.0,M3,
5,1.0,5,1.0,M4,
5,1.0,5,2.0,M4,
5,1.0,5,2.0,M2,
5,2.0,5,2.0,M3,
5,2.0,5,2.0,M4,
5,2.0,5,2.0,M4,
5,2.0,5,2.0,M3,
5,2.0,5,2.0,M4,
5,2.0,5,3.0,M4,
5,2.0,5,3.0,M2,
5,3.0,5,3.0,M3,
5,3.0,5,3.0,M4,
5,3.0,5,3.0,M4,
5,3.0,5,3.0,M3,
5,3.0,5,3.0,M4,
5,3.0,6,0.0,M4,
5,3.0,6,0.0,M2,
6,0.0,6,0.0,M3,
6,0.0,6,0.0,M4,
6,0.0,6,0.0,M4,
6,0.0,6,0.0,M3,
6,0.0,6,0.0,M4,
6,0.0,6,1.0,M4,
6,0.0,6,1.0,M2,
6,1.0,6,1.0,M3,
6,1.0,6,1.0,M4,
6,1.0,6,1.0,M4,
6,1.0,6,1.0,M3,
6,1.0,6,1.0,M4,
6,1.0,6,2.0,M4,
6,1.0,6,2.0,M2,
6,2.0,6,2.0,M3,
6,2.0,6,2.0,M4,
6,2.0,6,2.0,M4,
6,2.0,6,2.0,M3,
6,2.0,6,2.0,M4,
6,2.0,6,3.0,M4,
6,2.0,6,3.0,M2,
6,3.0,6,3.0,M3,
6,3.0,6,3.0,M4,
6,3.0,6,3.0,M4,
6,3.0,6,3.0,M3,
6,3.0,6,3.0,M4,
6,3.0,7,0.0,M4,
6,3.0,7,0.0,M2,
7,0.0,7,0.0,M3,
7,0.0,7,0.0,M4,
7,0.0,7,0.0,M4,
7,0.0,7,0.0,M3,
7,0.0,7,0.0,M4,
7,0.0,7,1.0,M4,
7,0.0,7,1.0,M2,
7,1.0,7,1.0,M3,
7,1.0,7,1.0,M4,
7,1.0,7,1.0,M4,
7,1.0,7,1.0,M3,
7,1.0,7,1.0,M4,
7,1.0,7,2.0,M4,
7,1.0,7,2.0,M2,
7,2.0,7,2.0,M3,
7,2.0,7,2.0,M4,
7,2.0,7,2.0,M4,
7,2.0,7,2.0,M3,
7,2.0,7,2.0,M4,
7,2.0,7,3.0,M4,
7,2.0,7,3.0,M2,
7,3.0,7,3.0,M3,
7,3.0,7,3.0,M4,
7,3.0,7,3.0,M4,
7,3.0,7,3.0,M3,
7,3.0,7,3.0,M4,
7,3.0,8,0.0,M4,
7,3.0,8,0.0,M2,
8,0.0,8,0.0,M3,
8,0.0,8,0.0,M4,
8,0.0,8,0.0,M4,
8,0.0,8,0.0,M3,
8,0.0,8,0.0,M4,
8,0.0,8,1.0,M4,
8,0.0,8,1.0,M2,
8,1.0,8,1.0,M3,
8,1.0,8,1.0,M4,
8,1.0,8,1.0,M4,
8,1.0,8,1.0,M3,
8,1.0,8,1.0,M4,
8,1.0,8,2.0,M4,
8,1.0,8,2.0,M2,
8,2.0,8,2.0,M3,
8,2.0,8,2.0,M4,
8,2.0,8,2.0,M4,
8,2.0,8,2.0,M3,
8,2.0,8,2.0,M4,
8,2.0,8,3.0,M4,
8,2.0,8,3.0,M2,
8,3.0,8,3.0,M3,
8,3.0,8,3.0,M4,
8,3.0,8,3.0,M4,
8,3.0,8,3.0,M3,
8,3.0,8,3.0,M4,
8,3.0,9,0.0,M4,
8,3.0,9,0.0,M2,
9,0.0,9,0.0,M4,
9,0.0,9,0.0,M4,
9,0.0,9,0.0,M4,
9,0.0,9,1.0,M4,
9,1.0,9,1.0,M4,
9,1.0,9,1.0,M4,
9,1.0,9,1.0,M4,
9,1.0,9,2.0,M4,
9,2.0,9,2.0,M4,
9,2.0,9,2.0,M4,
9,2.0,9,2.0,M4,
9,2.0,9,3.0,M4,
9,3.0,9,3.0,M4,
9,3.0,9,3.0,M4,
9,3.0,9,3.0,M4,
9,3.0,10,0.0,M4,
10,0.0,10,0.0,M3,
10,0.0,10,1.0,M3,
10,0.0,10,2.0,M5,
10,0.0,23,0.0,M1,
10,1.0,10,1.0,M3,
10,1.0,10,2.0,M3,
10,2.0,10,2.0,M3,
10,2.0,10,3.0,M3,
10,2.0,11,0.0,M5,
10,3.0,10,3.0,M3,
10,3.0,11,0.0,M3,
11,0.0,11,0.0,M3,
11,0.0,11,1.0,M3,
11,0.0,11,1.0,M5,
11,1.0,11,1.0,M3,
11,1.0,11,2.0,M3,
11,1.0,12,0.0,M5,
11,2.0,11,2.0,M3,
11,2.0,11,3.0,M3,
11,3.0,11,3.0,M3,
11,3.0,12,0.0,M3,
12,0.0,12,0.0,M3,
12,0.0,12,0.0,M4,
12,0.0,12,0.0,M4,
12,0.0,12,0.0,M3,
12,0.0,12,0.0,M4,
12,0.0,12,1.0,M4,
12,0.0,12,2.0,M5,
12,1.0,12,1.0,M3,
12,1.0,12,1.0,M4,
12,1.0,12,1.0,M4,
12,1.0,12,1.0,M3,
12,1.0,12,1.0,M4,
12,1.0,12,2.0,M4,
12,2.0,12,2.0,M3,
12,2.0,12,2.0,M4,
12,2.0,12,2.0,M4,
12,2.0,12,2.0,M3,
12,2.0,12,2.0,M4,
12,2.0,12,3.0,M4,
12,2.0,13,0.0,M5,
12,3.0,12,3.0,M3,
12,3.0,12,3.0,M4,
12,3.0,12,3.0,M4,
12,3.0,12,3.0,M3,
12,3.0,12,3.0,M4,
12,3.0,13,0.0,M4,
13,0.0,13,0.0,M3,
13,0.0,13,0.0,M4,
13,0.0,13,0.0,M4,
13,0.0,13,0.0,M3,
13,0.0,13,0.0,M4,
13,0.0,13,1.0,M4,
13,0.0,13,2.0,M5,
13,1.0,13,1.0,M3,
13,1.0,13,1.0,M4,
13,1.0,13,1.0,M4,
13,1.0,13,1.0,M3,
13,1.0,13,1.0,M4,
13,1.0,13,2.0,M4,
13,2.0,13,2.0,M3,
13,2.0,13,2.0,M4,
13,2.0,13,2.0,M4,
13,2.0,13,2.0,M3,
13,2.0,13,2.0,M4,
13,2.0,13,3.0,M4,
13,2.0,14,0.0,M5,
13,3.0,13,3.0,M3,
13,3.0,13,3.0,M4,
13,3.0,13,3.0,M4,
13,3.0,13,3.0,M3,
13,3.0,13,3.0,M4,
13,3.0,14,0.0,M4,
14,0.0,14,0.0,M3,
14,0.0,14,0.0,M4,
14,0.0,14,0.0,M4,
14,0.0,14,0.0,M3,
14,0.0,14,0.0,M4,
14,0.0,14,1.0,M4,
14,0.0,14,2.0,M5,
14,1.0,14,1.0,M3,
14,1.0,14,1.0,M4,
14,1.0,14,1.0,M4,
14,1.0,14,1.0,M3,
14,1.0,14,1.0,M4,
14,1.0,14,2.0,M4,
14,2.0,14,2.0,M3,
14,2.0,14,2.0,M4,
14,2.0,14,2.0,M4,
14,2.0,14,2.0,M3,
14,2.0,14,2.0,M4,
14,2.0,14,3.0,M4,
14,2.0,15,0.0,M5,
14,3.0,14,3.0,M3,
14,3.0,14,3.0,M4,
14,3.0,14,3.0,M4,
14,3.0,14,3.0,M3,
14,3.0,14,3.0,M4,
14,3.0,15,0.0,M4,
15,0.0,15,0.0,M3,
15,0.0,15,0.0,M4,
15,0.0,15,0.0,M4,
15,0.0,15,0.0,M3,
15,0.0,15,0.0,M4,
15,0.0,15,1.0,M4,
15,0.0,15,1.0,M2,
15,1.0,15,1.0,M3,
15,1.0,15,1.0,M4,
15,1.0,15,1.0,M4,
15,1.0,15,1.0,M3,
15,1.0,15,1.0,M4,
15,1.0,15,2.0,M4,
15,1.0,15,2.0,M2,
15,2.0,15,2.0,M3,
15,2.0,15,2.0,M4,
15,2.0,15,2.0,M4,
15,2.0,15,2.0,M3,
15,2.0,15,2.0,M4,
15,2.0,15,3.0,M4,
15,2.0,15,3.0,M2,
15,3.0,15,3.0,M3,
15,3.0,15,3.0,M4,
15,3.0,15,3.0,M4,
15,3.0,15,3.0,M3,
15,3.0,15,3.0,M4,
15,3.0,16,0.0,M4,
15,3.0,16,0.0,M2,
16,0.0,16,1.0,M2,
16,1.0,16,2.0,M2,
16,2.0,16,3.0,M2,
16,3.0,17,0.0,M2,
17,0.0,17,1.0,M2,
17,1.0,17,2.0,M2,
17,2.0,17,3.0,M2,
17,3.0,18,0.0,M2,
18,0.0,18,1.0,M2,
18,1.0,18,2.0,M2,
18,2.0,18,3.0,M2,
18,3.0,19,0.0,M2,
19,0.0,19,1.0,M2,
19,1.0,19,2.0,M2,
19,2.0,19,3.0,M2,
19,3.0,20,0.0,M2,
20,0.0,20,1.0,M2,
20,1.0,20,2.0,M2,
20,2.0,20,3.0,M2,
20,3.0,21,0.0,M2,
21,0.0,21,1.0,M2,
21,1.0,21,2.0,M2,
21,2.0,21,3.0,M2,
21,3.0,22,0.0,M2,
22,0.0,22,1.0,M2,
22,1.0,22,2.0,M2,
22,2.0,22,3.0,M2,
22,3.0,23,0.0,M2,
23,0.0,23,1.0,M2,
23,0.0,24,0.0,M7,
23,1.0,23,2.0,M2,
23,2.0,23,3.0,M2,
23,3.0,24,0.0,M2,
24,0.0,24,1.0,M2,
24,0.0,24,2.0,M6,
24,0.0,25,0.0,M7,
24,1.0,24,2.0,M2,
24,2.0,24,3.0,M2,
24,2.0,25,2.0,M6,
24,3.0,25,0.0,M2,
25,0.0,25,1.0,M2,
25,0.0,26,0.0,M7,
25,1.0,25,2.0,M2,
25,2.0,25,3.0,M6,
25,2.0,25,3.0,M2,
25,3.0,26,0.0,M2,
26,0.0,26,1.0,M2,
26,0.0,27,0.0,M7,
26,1.0,27,0.0,M2,
27,0.0,27,1.0,M2,
27,0.0,27,1.0,M5,
27,0.0,28,0.0,M7,
27,1.0,27,2.0,M2,
27,1.0,27,2.0,M5,
27,2.0,27,3.0,M2,
27,2.0,27,3.0,M5,
27,3.0,28,0.0,M2,
27,3.0,28,0.0,M5,
28,0.0,28,1.0,M2,
28,0.0,28,3.0,M6,
28,0.0,29,0.0,M7,
28,1.0,28,2.0,M2,
28,2.0,28,3.0,M2,
28,3.0,29,0.0,M2,
29,0.0,29,0.0,M4,
29,0.0,29,0.0,M4,
29,0.0,29,0.0,M4,
29,0.0,29,1.0,M4,
29,0.0,29,1.0,M2,
29,1.0,29,1.0,M4,
29,1.0,29,1.0,M4,
29,1.0,29,1.0,M4,
29,1.0,29,2.0,M4,
29,1.0,29,2.0,M2,
29,2.0,29,2.0,M4,
29,2.0,29,2.0,M4,
29,2.0,29,2.0,M4,
29,2.0,29,3.0,M4,
29,2.0,29,3.0,M2,
29,3.0,29,3.0,M4,
29,3.0,29,3.0,M4,
29,3.0,29,3.0,M4,
29,3.0,30,0.0,M4,
29,3.0,30,0.0,M2,
30,0.0,30,0.0,M4,
30,0.0,30,0.0,M4,
30,0.0,30,0.0,M4,
30,0.0,30,1.0,M4,
30,0.0,30,1.0,M2,
30,0.0,31,3.0,M6,
30,1.0,30,1.0,M4,
30,1.0,30,1.0,M4,
30,1.0,30,1.0,M4,
30,1.0,30,2.0,M4,
30,1.0,30,2.0,M2,
30,2.0,30,2.0,M4,
30,2.0,30,2.0,M4,
30,2.0,30,2.0,M4,
30,2.0,30,3.0,M4,
30,2.0,30,3.0,M2,
30,3.0,30,3.0,M4,
30,3.0,30,3.0,M4,
30,3.0,30,3.0,M4,
30,3.0,31,0.0,M4,
30,3.0,31,0.0,M2,
31,0.0,31,0.0,M4,
31,0.0,31,0.0,M4,
31,0.0,31,0.0,M4,
31,0.0,31,1.0,M4,
31,0.0,31,1.0,M2,
31,1.0,31,1.0,M4,
31,1.0,31,1.0,M4,
31,1.0,31,1.0,M4,
31,1.0,31,2.0,M4,
31,1.0,31,2.0,M2,
31,2.0,31,2.0,M4,
31,2.0,31,2.0,M4,
31,2.0,31,2.0,M4,
31,2.0,31,3.0,M4,
31,2.0,31,3.0,M2,
31,3.0,31,3.0,M4,
31,3.0,31,3.0,M4,
31,3.0,31,3.0,M4,
31,3.0,32,0.0,M4,
31,3.0,32,0.0,M2,
32,0.0,32,0.0,M4,
32,0.0,32,0.0,M4,
32,0.0,32,0.0,M4,
32,0.0,32,1.0,M4,
32,0.0,32,1.0,M2,
32,0.0,32,1.0,M5,
32,1.0,32,1.0,M4,
32,1.0,32,1.0,M4,
32,1.0,32,1.0,M4,
32,1.0,32,2.0,M4,
32,1.0,32,2.0,M2,
32,1.0,32,2.0,M5,
32,2.0,32,2.0,M4,
32,2.0,32,2.0,M4,
32,2.0,32,2.0,M4,
32,2.0,32,3.0,M4,
32,2.0,32,3.0,M2,
32,2.0,32,3.0,M5,
32,3.0,32,3.0,M4,
32,3.0,32,3.0,M4,
32,3.0,32,3.0,M4,
32,3.0,33,0.0,M4,
32,3.0,33,0.0,M2,
32,3.0,33,0.0,M5,
33,0.0,33,0.0,M3,
33,0.0,33,0.0,M4,
33,0.0,33,0.0,M4,
33,0.0,33,0.0,M3,
33,0.0,33,0.0,M4,
33,0.0,33,1.0,M4,
33,1.0,33,1.0,M3,
33,1.0,33,1.0,M4,
33,1.0,33,1.0,M4,
33,1.0,33,1.0,M3,
33,1.0,33,1.0,M4,
33,1.0,33,2.0,M4,
33,2.0,33,2.0,M3,
33,2.0,33,2.0,M4,
33,2.0,33,2.0,M4,
33,2.0,33,2.0,M3,
33,2.0,33,2.0,M4,
33,2.0,33,3.0,M4,
33,3.0,33,3.0,M3,
33,3.0,33,3.0,M4,
33,3.0,33,3.0,M4,
33,3.0,33,3.0,M3,
33,3.0,33,3.0,M4,
33,3.0,34,0.0,M4,
34,0.0,34,0.0,M3,
34,0.0,34,0.0,M4,
34,0.0,34,0.0,M4,
34,0.0,34,0.0,M3,
34,0.0,34,0.0,M4,
34,0.0,34,1.0,M4,
34,1.0,34,1.0,M3,
34,1.0,34,1.0,M4,
34,1.0,34,1.0,M4,
34,1.0,34,1.0,M3,
34,1.0,34,1.0,M4,
34,1.0,34,2.0,M4,
34,2.0,34,2.0,M3,
34,2.0,34,2.0,M4,
34,2.0,34,2.0,M4,
34,2.0,34,2.0,M3,
34,2.0,34,2.0,M4,
34,2.0,34,3.0,M4,
34,3.0,34,3.0,M3,
34,3.0,34,3.0,M4,
34,3.0,34,3.0,M4,
34,3.0,34,3.0,M3,
34,3.0,34,3.0,M4,
34,3.0,35,0.0,M4,
35,0.0,35,0.0,M3,
35,0.0,35,0.0,M4,
35,0.0,35,0.0,M4,
35,0.0,35,0.0,M3,
35,0.0,35,0.0,M4,
35,0.0,35,1.0,M4,
35,1.0,35,1.0,M3,
35,1.0,35,1.0,M4,
35,1.0,35,1.0,M4,
35,1.0,35,1.0,M3,
35,1.0,35,1.0,M4,
35,1.0,35,2.0,M4,
35,2.0,35,2.0,M3,
35,2.0,35,2.0,M4,
35,2.0,35,2.0,M4,
35,2.0,35,2.0,M3,
35,2.0,35,2.0,M4,
35,2.0,35,3.0,M4,
35,3.0,35,3.0,M3,
35,3.0,35,3.0,M4,
35,3.0,35,3.0,M4,
35,3.0,35,3.0,M3,
35,3.0,35,3.0,M4,
35,3.0,36,0.0,M4,
36,0.0,36,0.0,M3,
36,0.0,36,0.0,M4,
36,0.0,36,0.0,M4,
36,0.0,36,0.0,M3,
36,0.0,36,0.0,M4,
36,0.0,36,1.0,M4,
36,1.0,36,1.0,M3,
36,1.0,36,1.0,M4,
36,1.0,36,1.0,M4,
36,1.0,36,1.0,M3,
36,1.0,36,1.0,M4,
36,1.0,36,2.0,M4,
36,2.0,36,2.0,M3,
36,2.0,36,2.0,M4,
36,2.0,36,2.0,M4,
36,2.0,36,2.0,M3,
36,2.0,36,2.0,M4,
36,2.0,36,3.0,M4,
36,3.0,36,3.0,M3,
36,3.0,36,3.0,M4,
36,3.0,36,3.0,M4,
36,3.0,36,3.0,M3,
36,3.0,36,3.0,M4,
36,3.0,37,0.0,M4,
37,0.0,37,0.0,M3,
37,0.0,37,0.0,M4,
37,0.0,37,0.0,M4,
37,0.0,37,0.0,M3,
37,0.0,37,0.0,M4,
37,0.0,37,1.0,M4,
37,0.0,41,0.0,M1,
37,1.0,37,1.0,M3,
37,1.0,37,1.0,M4,
37,1.0,37,1.0,M4,
37,1.0,37,1.0,M3,
37,1.0,37,1.0,M4,
37,1.0,37,2.0,M4,
37,2.0,37,2.0,M3,
37,2.0,37,2.0,M4,
37,2.0,37,2.0,M4,
37,2.0,37,2.0,M3,
37,2.0,37,2.0,M4,
37,2.0,37,3.0,M4,
37,3.0,37,3.0,M3,
37,3.0,37,3.0,M4,
37,3.0,37,3.0,M4,
37,3.0,37,3.0,M3,
37,3.0,37,3.0,M4,
37,3.0,38,0.0,M4,
38,0.0,38,0.0,M3,
38,0.0,38,0.0,M4,
38,0.0,38,0.0,M4,
38,0.0,38,0.0,M3,
38,0.0,38,0.0,M4,
38,0.0,38,1.0,M4,
38,1.0,38,1.0,M3,
38,1.0,38,1.0,M4,
38,1.0,38,1.0,M4,
38,1.0,38,1.0,M3,
38,1.0,38,1.0,M4,
38,1.0,38,2.0,M4,
38,2.0,38,2.0,M3,
38,2.0,38,2.0,M4,
38,2.0,38,2.0,M4,
38,2.0,38,2.0,M3,
38,2.0,38,2.0,M4,
38,2.0,38,3.0,M4,
38,3.0,38,3.0,M3,
38,3.0,38,3.0,M4,
38,3.0,38,3.0,M4,
38,3.0,38,3.0,M3,
38,3.0,38,3.0,M4,
38,3.0,39,0.0,M4,
39,0.0,39,0.0,M3,
39,0.0,39,0.0,M4,
39,0.0,39,0.0,M4,
39,0.0,39,0.0,M3,
39,0.0,39,0.0,M4,
39,0.0,39,1.0,M4,
39,1.0,39,1.0,M3,
39,1.0,39,1.0,M4,
39,1.0,39,1.0,M4,
39,1.0,39,1.0,M3,
39,1.0,39,1.0,M4,
39,1.0,39,2.0,M4,
39,2.0,39,2.0,M3,
39,2.0,39,2.0,M4,
39,2.0,39,2.0,M4,
39,2.0,39,2.0,M3,
39,2.0,39,2.0,M4,
39,2.0,39,3.0,M4,
39,3.0,39,3.0,M3,
39,3.0,39,3.0,M4,
39,3.0,39,3.0,M4,
39,3.0,39,3.0,M3,
39,3.0,39,3.0,M4,
39,3.0,40,0.0,M4,
40,0.0,40,0.0,M3,
40,0.0,40,0.0,M4,
40,0.0,40,0.0,M4,
40,0.0,40,0.0,M3,
40,0.0,40,0.0,M4,
40,0.0,40,1.0,M4,
40,1.0,40,1.0,M3,
40,1.0,40,1.0,M4,
40,1.0,40,1.0,M4,
40,1.0,40,1.0,M3,
40,1.0,40,1.0,M4,
40,1.0,40,2.0,M4,
40,2.0,40,2.0,M3,
40,2.0,40,2.0,M4,
40,2.0,40,2.0,M4,
40,2.0,40,2.0,M3,
40,2.0,40,2.0,M4,
40,2.0,40,3.0,M4,
40,3.0,40,3.0,M3,
40,3.0,40,3.0,M4,
40,3.0,40,3.0,M4,
40,3.0,40,3.0,M3,
40,3.0,40,3.0,M4,
40,3.0,41,0.0,M4,
41,0.0,41,0.0,M4,
41,0.0,41,0.0,M4,
41,0.0,41,0.0,M4,
41,0.0,41,1.0,M4,
41,1.0,41,1.0,M4,
41,1.0,41,1.0,M4,
41,1.0,41,1.0,M4,
41,1.0,41,2.0,M4,
41,2.0,41,2.0,M4,
41,2.0,41,2.0,M4,
41,2.0,41,2.0,M4,
41,2.0,41,3.0,M4,
41,3.0,41,3.0,M4,
41,3.0,41,3.0,M4,
41,3.0,41,3.0,M4,
41,3.0,42,0.0,M4,
42,0.0,42,0.0,M4,
42,0.0,42,0.0,M4,
42,0.0,42,0.0,M4,
42,0.0,42,1.0,M4,
42,1.0,42,1.0,M4,
42,1.0,42,1.0,M4,
42,1.0,42,1.0,M4,
42,1.0,42,2.0,M4,
42,2.0,42,2.0,M4,
42,2.0,42,2.0,M4,
42,2.0,42,2.0,M4,
42,2.0,42,3.0,M4,
42,3.0,42,3.0,M4,
42,3.0,42,3.0,M4,
42,3.0,42,3.0,M4,
42,3.0,43,0.0,M4,
46,0.0,46,0.0,M4,
46,0.0,46,1.0,M4,
46,0.0,46,1.0,M2,
46,1.0,46,1.0,M4,
46,1.0,46,2.0,M2,
46,1.0,54,0.0,M8,
46,2.0,46,3.0,M2,
46,2.0,47,0.0,M6,
46,3.0,46,3.0,M4,
46,3.0,47,0.0,M4,
46,3.0,47,0.0,M2,
47,0.0,47,0.0,M4,
47,0.0,47,1.0,M6,
47,0.0,47,1.0,M2,
47,1.0,47,2.0,M2,
47,2.0,47,2.0,M4,
47,2.0,47,3.0,M4,
47,2.0,47,3.0,M2,
47,3.0,48,0.0,M2,
48,0.0,48,0.0,M4,
48,0.0,48,1.0,M4,
48,0.0,48,1.0,M2,
48,1.0,48,1.0,M4,
48,1.0,48,2.0,M2,
48,2.0,48,3.0,M2,
48,3.0,48,3.0,M4,
48,3.0,49,0.0,M4,
48,3.0,49,0.0,M2,
49,0.0,49,0.0,M4,
49,0.0,49,1.0,M2,
49,1.0,49,2.0,M2,
49,2.0,49,2.0,M4,
49,2.0,49,3.0,M4,
49,2.0,49,3.0,M2,
49,3.0,50,0.0,M2,
50,0.0,50,0.0,M4,
50,0.0,50,1.0,M4,
50,0.0,50,1.0,M2,
50,1.0,50,1.0,M4,
50,1.0,50,2.0,M2,
50,2.0,50,3.0,M2,
50,3.0,50,3.0,M4,
50,3.0,51,0.0,M4,
50,3.0,51,0.0,M2,
51,0.0,51,0.0,M4,
51,0.0,51,1.0,M2,
51,1.0,51,2.0,M2,
51,2.0,51,2.0,M4,
51,2.0,51,3.0,M4,
51,2.0,51,3.0,M2,
51,3.0,52,0.0,M2,
52,0.0,52,0.0,M4,
52,0.0,52,1.0,M4,
52,0.0,52,1.0,M2,
52,1.0,52,1.0,M4,
52,1.0,52,2.0,M2,
52,2.0,52,3.0,M2,
52,3.0,52,3.0,M4,
52,3.0,53,0.0,M4,
52,3.0,53,0.0,M2,
53,0.0,53,0.0,M4,
53,0.0,53,1.0,M2,
53,1.0,53,2.0,M2,
53,2.0,53,2.0,M4,
53,2.0,53,3.0,M4,
53,2.0,53,3.0,M2,
53,3.0,54,0.0,M2,
54,0.0,55,0.0,M7,
55,0.0,56,0.0,M7,
56,0.0,56,2.0,M7,
56,2.0,57,0.0,M7,
57,0.0,57,1.0,M2,
57,0.0,58,0.0,M7,
57,0.0,73,0.0,M8,
57,1.0,57,2.0,M2,
57,2.0,57,3.0,M2,
57,3.0,58,0.0,M2,
58,0.0,58,1.0,M2,
58,0.0,59,0.0,M7,
58,1.0,58,2.0,M2,
58,2.0,58,3.0,M2,
58,3.0,59,0.0,M2,
59,0.0,59,1.0,M2,
59,0.0,60,0.0,M7,
59,1.0,59,2.0,M2,
59,2.0,59,3.0,M2,
59,3.0,60,0.0,M2,
60,0.0,60,1.0,M2,
60,0.0,61,0.0,M7,
60,1.0,60,2.0,M2,
60,2.0,60,3.0,M2,
60,3.0,61,0.0,M2,
61,0.0,61,1.0,M2,
61,0.0,62,0.0,M7,
61,1.0,61,2.0,M2,
61,2.0,61,3.0,M2,
61,3.0,62,0.0,M2,
62,0.0,62,1.0,M2,
62,0.0,63,0.0,M7,
62,1.0,62,2.0,M2,
62,2.0,62,3.0,M2,
62,3.0,63,0.0,M2,
63,0.0,63,1.0,M2,
63,0.0,64,0.0,M7,
63,1.0,63,2.0,M2,
63,2.0,63,3.0,M2,
63,3.0,64,0.0,M2,
64,0.0,64,1.0,M2,
64,0.0,65,0.0,M7,
64,1.0,64,2.0,M2,
64,2.0,64,3.0,M2,
64,3.0,65,0.0,M2,
65,0.0,65,0.0,M4,
65,0.0,65,1.0,M4,
65,0.0,65,1.0,M2,
65,1.0,65,1.0,M4,
65,1.0,65,2.0,M2,
65,2.0,65,3.0,M2,
65,3.0,65,3.0,M4,
65,3.0,66,0.0,M4,
65,3.0,66,0.0,M2,
66,0.0,66,0.0,M4,
66,0.0,66,1.0,M2,
66,1.0,66,2.0,M2,
66,2.0,66,2.0,M4,
66,2.0,66,3.0,M4,
66,2.0,66,3.0,M2,
66,3.0,67,0.0,M2,
67,0.0,67,0.0,M4,
67,0.0,67,1.0,M4,
67,0.0,67,1.0,M2,
67,1.0,67,1.0,M4,
67,1.0,67,2.0,M2,
67,2.0,67,3.0,M2,
67,3.0,67,3.0,M4,
67,3.0,68,0.0,M4,
67,3.0,68,0.0,M2,
68,0.0,68,0.0,M4,
68,0.0,68,1.0,M2,
68,1.0,68,2.0,M2,
68,2.0,68,2.0,M4,
68,2.0,68,3.0,M4,
68,2.0,68,3.0,M2,
68,3.0,69,0.0,M2,
69,0.0,69,0.0,M4,
69,0.0,69,1.0,M4,
69,0.0,69,1.0,M2,
69,1.0,69,1.0,M4,
69,1.0,69,2.0,M2,
69,2.0,69,3.0,M2,
69,3.0,69,3.0,M4,
69,3.0,70,0.0,M4,
69,3.0,70,0.0,M2,
70,0.0,70,0.0,M4,
70,0.0,70,1.0,M2,
70,1.0,70,2.0,M2,
70,2.0,70,2.0,M4,
70,2.0,70,3.0,M4,
70,2.0,70,3.0,M2,
70,3.0,71,0.0,M2,
71,0.0,71,0.0,M4,
71,0.0,71,1.0,M4,
71,0.0,71,1.0,M2,
71,1.0,71,1.0,M4,
71,1.0,71,2.0,M2,
71,2.0,71,3.0,M2,
71,3.0,71,3.0,M4,
71,3.0,72,0.0,M4,
71,3.0,72,0.0,M2,
72,0.0,72,0.0,M4,
72,0.0,72,1.0,M2,
72,1.0,72,2.0,M2,
72,2.0,72,2.0,M4,
72,2.0,72,3.0,M4,
72,2.0,72,3.0,M2,
72,3.0,73,0.0,M2,
73,0.0,73,0.0,M3,
73,0.0,73,0.0,M4,
73,0.0,73,0.0,M4,
73,0.0,73,0.0,M3,
73,0.0,73,0.0,M4,
73,0.0,73,1.0,M4,
73,1.0,73,1.0,M3,
73,1.0,73,1.0,M4,
73,1.0,73,1.0,M4,
73,1.0,73,1.0,M3,
73,1.0,73,1.0,M4,
73,1.0,73,2.0,M4,
73,2.0,73,2.0,M3,
73,2.0,73,2.0,M4,
73,2.0,73,2.0,M4,
73,2.0,73,2.0,M3,
73,2.0,73,2.0,M4,
73,2.0,73,3.0,M4,
73,3.0,73,3.0,M3,
73,3.0,73,3.0,M4,
73,3.0,73,3.0,M4,
73,3.0,73,3.0,M3,
73,3.0,73,3.0,M4,
73,3.0,74,0.0,M4,
74,0.0,74,0.0,M3,
74,0.0,74,0.0,M4,
74,0.0,74,0.0,M4,
74,0.0,74,0.0,M3,
74,0.0,74,0.0,M4,
74,0.0,74,1.0,M4,
74,1.0,74,1.0,M3,
74,1.0,74,1.0,M4,
74,1.0,74,1.0,M4,
74,1.0,74,1.0,M3,
74,1.0,74,1.0,M4,
74,1.0,74,2.0,M4,
74,2.0,74,2.0,M3,
74,2.0,74,2.0,M4,
74,2.0,74,2.0,M4,
74,2.0,74,2.0,M3,
74,2.0,74,2.0,M4,
74,2.0,74,3.0,M4,
74,3.0,74,3.0,M3,
74,3.0,74,3.0,M4,
74,3.0,74,3.0,M4,
74,3.0,74,3.0,M3,
74,3.0,74,3.0,M4,
74,3.0,75,0.0,M4,
75,0.0,75,0.0,M3,
75,0.0,75,0.0,M4,
75,0.0,75,0.0,M4,
75,0.0,75,0.0,M3,
75,0.0,75,0.0,M4,
75,0.0,75,1.0,M4,
75,1.0,75,1.0,M3,
75,1.0,75,1.0,M4,
75,1.0,75,1.0,M4,
75,1.0,75,1.0,M3,
75,1.0,75,1.0,M4,
75,1.0,75,2.0,M4,
75,1.0,75,2.0,M6,
75,2.0,75,2.0,M3,
75,2.0,75,2.0,M4,
75,2.0,75,2.0,M4,
75,2.0,75,2.0,M3,
75,2.0,75,2.0,M4,
75,2.0,75,3.0,M4,
75,2.0,75,3.0,M6,
75,2.0,75,3.0,M5,
75,3.0,75,3.0,M3,
75,3.0,75,3.0,M4,
75,3.0,75,3.0,M4,
75,3.0,75,3.0,M3,
75,3.0,75,3.0,M4,
75,3.0,76,0.0,M4,
75,3.0,76,0.0,M5,
76,0.0,76,0.0,M3,
76,0.0,76,0.0,M4,
76,0.0,76,0.0,M4,
76,0.0,76,0.0,M3,
76,0.0,76,0.0,M4,
76,0.0,76,1.0,M4,
76,1.0,76,1.0,M3,
76,1.0,76,1.0,M4,
76,1.0,76,1.0,M4,
76,1.0,76,1.0,M3,
76,1.0,76,1.0,M4,
76,1.0,76,2.0,M4,
76,2.0,76,2.0,M3,
76,2.0,76,2.0,M4,
76,2.0,76,2.0,M4,
76,2.0,76,2.0,M3,
76,2.0,76,2.0,M4,
76,2.0,76,3.0,M4,
76,2.0,76,3.0,M5,
76,3.0,76,3.0,M3,
76,3.0,76,3.0,M4,
76,3.0,76,3.0,M4,
76,3.0,76,3.0,M3,
76,3.0,76,3.0,M4,
76,3.0,77,0.0,M4,
76,3.0,77,0.0,M5,
77,0.0,77,0.0,M3,
77,0.0,77,0.0,M4,
77,0.0,77,0.0,M4,
77,0.0,77,0.0,M3,
77,0.0,77,0.0,M4,
77,0.0,77,1.0,M4,
77,0.0,86,0.0,M1,
77,1.0,77,1.0,M3,
77,1.0,77,1.0,M4,
77,1.0,77,1.0,M4,
77,1.0,77,1.0,M3,
77,1.0,77,1.0,M4,
77,1.0,77,2.0,M4,
77,2.0,77,2.0,M3,
77,2.0,77,2.0,M4,
77,2.0,77,2.0,M4,
77,2.0,77,2.0,M3,
77,2.0,77,2.0,M4,
77,2.0,77,3.0,M4,
77,3.0,77,3.0,M3,
77,3.0,77,3.0,M4,
77,3.0,77,3.0,M4,
77,3.0,77,3.0,M3,
77,3.0,77,3.0,M4,
77,3.0,78,0.0,M4,
78,0.0,78,0.0,M3,
78,0.0,78,0.0,M4,
78,0.0,78,0.0,M4,
78,0.0,78,0.0,M5,
78,0.0,78,0.0,M3,
78,0.0,78,0.0,M4,
78,0.0,78,1.0,M4,
78,0.0,78,2.0,M5,
78,1.0,78,1.0,M3,
78,1.0,78,1.0,M4,
78,1.0,78,1.0,M4,
78,1.0,78,1.0,M3,
78,1.0,78,1.0,M4,
78,1.0,78,2.0,M4,
78,2.0,78,2.0,M3,
78,2.0,78,2.0,M4,
78,2.0,78,2.0,M4,
78,2.0,78,2.0,M3,
78,2.0,78,2.0,M4,
78,2.0,78,3.0,M4,
78,3.0,78,3.0,M3,
78,3.0,78,3.0,M4,
78,3.0,78,3.0,M4,
78,3.0,78,3.0,M3,
78,3.0,78,3.0,M4,
78,3.0,79,0.0,M4,
79,0.0,79,0.0,M3,
79,0.0,79,0.0,M4,
79,0.0,79,0.0,M4,
79,0.0,79,0.0,M3,
79,0.0,79,0.0,M4,
79,0.0,79,1.0,M4,
79,1.0,79,1.0,M3,
79,1.0,79,1.0,M4,
79,1.0,79,1.0,M4,
79,1.0,79,1.0,M3,
79,1.0,79,1.0,M4,
79,1.0,79,2.0,M4,
79,2.0,79,2.0,M3,
79,2.0,79,2.0,M4,
79,2.0,79,2.0,M4,
79,2.0,79,2.0,M3,
79,2.0,79,2.0,M4,
79,2.0,79,3.0,M4,
79,3.0,79,3.0,M3,
79,3.0,79,3.0,M4,
79,3.0,79,3.0,M4,
79,3.0,79,3.0,M3,
79,3.0,79,3.0,M4,
79,3.0,80,0.0,M4,
80,0.0,80,0.0,M3,
80,0.0,80,0.0,M4,
80,0.0,80,0.0,M4,
80,0.0,80,0.0,M3,
80,0.0,80,0.0,M4,
80,0.0,80,1.0,M4,
80,0.0,80,2.0,M5,
80,1.0,80,1.0,M3,
80,1.0,80,1.0,M4,
80,1.0,80,1.0,M4,
80,1.0,80,1.0,M3,
80,1.0,80,1.0,M4,
80,1.0,80,2.0,M4,
80,2.0,80,2.0,M3,
80,2.0,80,2.0,M4,
80,2.0,80,2.0,M4,
80,2.0,80,2.0,M3,
80,2.0,80,2.0,M4,
80,2.0,80,3.0,M4,
80,2.0,81,0.0,M5,
80,3.0,80,3.0,M3,
80,3.0,80,3.0,M4,
80,3.0,80,3.0,M4,
80,3.0,80,3.0,M3,
80,3.0,80,3.0,M4,
80,3.0,81,0.0,M4,
81,0.0,81,0.0,M3,
81,0.0,81,0.0,M4,
81,0.0,81,0.0,M4,
81,0.0,81,0.0,M3,
81,0.0,81,0.0,M4,
81,0.0,81,1.0,M4,
81,0.0,81,1.0,M2,
81,1.0,81,1.0,M3,
81,1.0,81,1.0,M4,
81,1.0,81,1.0,M4,
81,1.0,81,1.0,M3,
81,1.0,81,1.0,M4,
81,1.0,81,2.0,M4,
81,1.0,81,2.0,M2,
81,2.0,81,2.0,M3,
81,2.0,81,2.0,M4,
81,2.0,81,2.0,M4,
81,2.0,81,2.0,M3,
81,2.0,81,2.0,M4,
81,2.0,81,3.0,M4,
81,2.0,81,3.0,M2,
81,3.0,81,3.0,M3,
81,3.0,81,3.0,M4,
81,3.0,81,3.0,M4,
81,3.0,81,3.0,M3,
81,3.0,81,3.0,M4,
81,3.0,82,0.0,M4,
81,3.0,82,0.0,M2,
82,0.0,82,0.0,M3,
82,0.0,82,0.0,M4,
82,0.0,82,0.0,M4,
82,0.0,82,0.0,M3,
82,0.0,82,0.0,M4,
82,0.0,82,1.0,M4,
82,0.0,82,1.0,M2,
82,1.0,82,1.0,M3,
82,1.0,82,1.0,M4,
82,1.0,82,1.0,M4,
82,1.0,82,1.0,M3,
82,1.0,82,1.0,M4,
82,1.0,82,2.0,M4,
82,1.0,82,2.0,M2,
82,2.0,82,2.0,M3,
82,2.0,82,2.0,M4,
82,2.0,82,2.0,M4,
82,2.0,82,2.0,M3,
82,2.0,82,2.0,M4,
82,2.0,82,3.0,M4,
82,2.0,82,3.0,M2,
82,3.0,82,3.0,M3,
82,3.0,82,3.0,M4,
82,3.0,82,3.0,M4,
82,3.0,82,3.0,M3,
82,3.0,82,3.0,M4,
82,3.0,83,0.0,M4,
82,3.0,83,0.0,M2,
83,0.0,83,0.0,M4,
83,0.0,83,0.0,M4,
83,0.0,83,0.0,M4,
83,0.0,83,1.0,M4,
83,0.0,83,1.0,M2,
83,0.0,84,0.0,M7,
83,1.0,83,1.0,M4,
83,1.0,83,1.0,M4,
83,1.0,83,1.0,M4,
83,1.0,83,2.0,M4,
83,1.0,83,2.0,M2,
83,2.0,83,2.0,M4,
83,2.0,83,2.0,M4,
83,2.0,83,2.0,M4,
83,2.0,83,3.0,M4,
83,2.0,83,3.0,M2,
83,3.0,83,3.0,M4,
83,3.0,83,3.0,M4,
83,3.0,83,3.0,M4,
83,3.0,84,0.0,M4,
83,3.0,84,0.0,M2,
84,0.0,84,0.0,M4,
84,0.0,84,0.0,M4,
84,0.0,84,0.0,M4,
84,0.0,84,1.0,M4,
84,0.0,85,0.0,M7,
84,1.0,84,1.0,M4,
84,1.0,84,1.0,M4,
84,1.0,84,1.0,M4,
84,1.0,84,2.0,M4,
84,2.0,84,2.0,M4,
84,2.0,84,2.0,M4,
84,2.0,84,2.0,M4,
84,2.0,84,3.0,M4,
84,3.0,84,3.0,M4,
84,3.0,84,3.0,M4,
84,3.0,84,3.0,M4,
84,3.0,85,0.0,M4,
85,0.0,85,0.0,M4,
85,0.0,85,0.0,M4,
85,0.0,85,0.0,M4,
85,0.0,85,1.0,M4,
85,0.0,85,1.0,M2,
85,0.0,86,0.0,M7,
85,1.0,85,1.0,M4,
85,1.0,85,1.0,M4,
85,1.0,85,1.0,M4,
85,1.0,85,2.0,M4,
85,1.0,85,2.0,M2,
85,2.0,85,2.0,M4,
85,2.0,85,2.0,M4,
85,2.0,85,2.0,M4,
85,2.0,85,3.0,M4,
85,2.0,85,3.0,M2,
85,3.0,85,3.0,M4,
85,3.0,85,3.0,M4,
85,3.0,85,3.0,M4,
85,3.0,86,0.0,M4,
85,3.0,86,0.0,M2,
